country,country info,country info:de,country info:es,country info:fr,country info:nb,country info:cs,country info:ru,country info:nl,country info:sv,country info:pt,country info:zh,country info:pl,country info:it
Pitcairn Islands,Overseas territory of the United Kingdom.,Britisches Überseegebiet.,Territorio de ultramar del Reino Unido.,Territoire britannique d'outre-mer.,Oversjøisk britisk territorium.,,,,,,,,
Cocos (Keeling) Islands,External territory of Australia.,Australisches Außengebiet.,Territorio externo de Australia.,Territoire extérieur australien.,Australsk territorium.,,,,,,,,
Tokelau,Dependent territory of New Zealand. Tokelau has no official capital; the meeting place of the Tokelau Council rotates annually.,Von Neuseeland abhängiges Gebiet. Tokelau hat keine offizielle Hauptstadt; der Treffpunkt des Tokelauer Rates wechselt jährlich.,Territorio dependiente de Nueva Zelanda. Tokelau no tiene capital oficial; el sitio de encuentro del Consejo de Tokelau rota anualmente.,"Territoire dépendant de la Nouvelle-Zélande. La capitale, de même que la présidence du Conseil permanent du Gouvernement, tournent entre les trois atolls.",Newzealandsk territorium.,,,,,,,,
Christmas Island,External territory of Australia.,Australisches Außengebiet.,Territorio externo de Australia.,Territoire extérieur australien.,Australsk territorium. ,,,,,,,,
Norfolk Island,External territory of Australia.,Außengebiet von Australien.,Territorio externo de Australia.,Territoire extérieur australien.,Selvstyrt australsk territorium.,,,,,,,,
Montserrat,Overseas territory of the United Kingdom.,Überseegebiet des Vereinigten Königreichs.,Territorio de ultramar del Reino Unido.,Territoire britannique d'outre-mer.,Britisk oversjøisk territorium i Karibia.,,,,,,,,
Saint Helena,"Part of Saint Helena, Ascension and Tristan da Cunha, an overseas territory of the United Kingdom.","Teil von St. Helena, Ascension und Tristan da Cunha, einem Überseegebiet des Vereinigten Königreichs.","Parte de Santa Elena, Ascensión y Tristán de Acuña, un territorio de ultramar del Reino Unido.","Fait partie de Sainte-Hélène, Ascension et Tristan da Cunha, un territoire britannique d'outre-mer.","Del av det britiske oversjøiske territoriet Sankt Helena, Ascencion og Tristan da Cunha.",,,,,,,,
Saint Barthélemy,Overseas territory of France.,Französisches Überseegebiet.,Territorio de ultramar de Francia.,Collectivité française d'outre-mer.,Fransk oversjøisk land.,,,,,,,,
Ceuta,Autonomous city of Spain.,Autonome spanische Stadt.,Ciudad autónoma de España.,Ville autonome d’Espagne.,Selvstyrt by i Spania.,,,,,,,,
Melilla,Autonomous city of Spain,Autonome spanische Stadt.,Ciudad autónoma de España.,Ville autonome d’Espagne.,Spansk by og enklave på Marokkos middelhavskyst.,,,,,,,,
Galápagos Islands,Province of Ecuador.,Ecuadorianische Provinz.,Provincia de Ecuador.,Province de l'Équateur.,Region i Ecuador.,,,,,,,,
Saba,Special municipality of the Netherlands.,Besondere Gemeinde der Niederlande.,Municipio especial de los Países Bajos.,Commune des Pays-Bas à statut particulier.,Kommune med særstatus i Nederland. Øy i Karibia.,,,,,,,,
Sint Eustatius,Special municipality of the Netherlands.,Besondere Gemeinde der Niederlande.,Municipio especial de los Países Bajos.,Commune des Pays-Bas à statut particulier.,Kommune med særstatus i Nederland.,,,,,,,,
Easter Island,Polynesian island and special territory of Chile.,Polynesische Insel unter Chilenischer Regierung.,Isla de la Polinesia y territorio especial de Chile.,Île polynésienne et territoire spécial du Chili.,Territorium i Chile.,,,,,,,,
Bonaire,Special municipality of the Netherlands.,Besondere Gemeinde der Niederlande.,Municipio especial de los Países Bajos.,Commune des Pays-Bas à statut particulier.,Kommune med spesiell status i Nederland.,,,,,,,,
British Indian Ocean Territory,Overseas territory of the United Kingdom.,Britisches Überseegebiet.,Territorio de ultramar del Reino Unido.,Territoire britannique d'outre-mer.,Britisk besittelse.,,,,,,,,
Mount Athos,"Autonomous orthodox monastic state in northeastern Greece, also known as the Holy Mountain.","Autonomer orthodoxer Klosterstaat im Nordosten Griechenlands, auch bekannt als „Heilige Berg".","Estado monástico ortodoxo autónomo en la parte noreste de Grecia, también conocido como la Montaña Sagrada.","République monastique autonome au nord-est de la Grêce, aussi connue comme la Sainte-Montagne.",Autonom munkerepublikk i Nord-Hellas. Også kalt Det hellige berget.,,,,,,,,
ABC islands,"Island group in the Leeward Antilles consisting of Aruba, Bonaire, and Curaçao.","Inselgruppe der Inseln unter dem Winde bestehend aus Aruba, Bonaire und Curaçao.","Grupo de islas en las Antillas de Sotavento formado por Aruba, Bonaire y Curazao.","Groupe d'îles des Antilles sous le Vent composé d'Aruba, Bonaire et Curaçao.","Øygruppe i De små Antillene bestående av Aruba, Bonaire og Curaçao.",,,,,,,,
Suez Canal,Ship canal in Egypt connecting the Mediterranean Sea and the Red Sea. Opened in 1869.,Schifffahrtskanal in Ägypten zwischen Mittelmeer und Rotem Meer. Eröffnet 1869.,Canal marítimo en Egipto que conecta el mar Mediterráneo con el mar Rojo. Inaugurado en 1869.,Canal maritime en Égypte reliant la mer Méditerranée à la mer Rouge. Ouvert en 1869.,Skipskanal i Egypt mellom Middelhavet og Rødehavet. Åpnet i 1869.,,,,,,,,
Panama Canal,Ship canal in Panama connecting the Atlantic and Pacific oceans. Opened in 1914.,Schifffahrtskanal in Panama zwischen Atlantik und Pazifik. Eröffnet 1914.,Canal marítimo en Panamá que conecta el océano Atlántico con el Pacífico. Inaugurado en 1914.,Canal maritime au Panama reliant l'Atlantique au Pacifique. Ouvert en 1914.,Skipskanal i Panama mellom Atlanterhavet og Stillehavet. Åpnet i 1914.,,,,,,,,
Kiel Canal,Ship canal in Germany connecting the North Sea and the Baltic Sea. Opened in 1895.,Schifffahrtskanal in Deutschland zwischen Nordsee und Ostsee. Eröffnet 1895.,Canal marítimo en Alemania que conecta el mar del Norte con el mar Báltico. Inaugurado en 1895.,Canal maritime en Allemagne reliant la mer du Nord à la mer Baltique. Ouvert en 1895.,Skipskanal i Tyskland mellom Nordsjøen og Østersjøen. Åpnet i 1895.,,,,,,,,
Saint Lawrence Seaway,System of canals and locks in Canada and the USA connecting the Great Lakes to the Atlantic Ocean. Opened in 1959.,Kanalsystem in Kanada und den USA zwischen den Großen Seen und dem Atlantik. Eröffnet 1959.,Sistema de canales y esclusas en Canadá y EE. UU. que conecta los Grandes Lagos con el Atlántico. Inaugurado en 1959.,Système de canaux et d'écluses au Canada et aux États-Unis reliant les Grands Lacs à l'Atlantique. Ouvert en 1959.,Kanalsystem i Canada og USA mellom de Store Sjøene og Atlanterhavet. Åpnet i 1959.,,,,,,,,
Grand Canal,"Oldest and longest artificial canal in the world (1,776 km). UNESCO World Heritage Site.",Ältester und längster künstlicher Kanal der Welt (1.776 km). UNESCO-Welterbe.,Canal artificial más antiguo y largo del mundo (1.776 km). Patrimonio de la Humanidad.,Plus ancien et plus long canal artificiel du monde (1 776 km). Patrimoine mondial de l'UNESCO.,Verdens eldste og lengste kunstige kanal (1 776 km). UNESCO verdensarvsted.,,,,,,,,
White Sea-Baltic Canal,Ship canal in Russia connecting the White Sea to the Baltic Sea. Opened in 1933.,Schifffahrtskanal in Russland zwischen Weißem Meer und Ostsee. Eröffnet 1933.,Canal marítimo en Rusia que conecta el mar Blanco con el mar Báltico. Inaugurado en 1933.,Canal maritime en Russie reliant la mer Blanche à la mer Baltique. Ouvert en 1933.,Skipskanal i Russland mellom Kvitsjøen og Østersjøen. Åpnet i 1933.,,,,,,,,
Rhine-Main-Danube Canal,Ship canal in Germany connecting the North Sea to the Black Sea via the Rhine and Danube rivers. Opened in 1992.,Schifffahrtskanal in Deutschland zwischen Nordsee und Schwarzem Meer über Rhein und Donau. Eröffnet 1992.,Canal en Alemania que conecta el mar del Norte con el mar Negro a través del Rin y el Danubio. Inaugurado en 1992.,Canal en Allemagne reliant la mer du Nord à la mer Noire via le Rhin et le Danube. Ouvert en 1992.,Skipskanal i Tyskland mellom Nordsjøen og Svartehavet via Rhinen og Donau. Åpnet i 1992.,,,,,,,,
Volga-Don Canal,Ship canal in Russia connecting the Volga and Don rivers. Opened in 1952.,Schifffahrtskanal in Russland zwischen Wolga und Don. Eröffnet 1952.,Canal en Rusia que conecta los ríos Volga y Don. Inaugurado en 1952.,Canal en Russie reliant la Volga au Don. Ouvert en 1952.,Skipskanal i Russland mellom Volga og Don. Åpnet i 1952.,,,,,,,,
Houston Ship Channel,Navigable waterway in Texas connecting the city of Houston to the Gulf of Mexico. Opened in 1914.,Schifffahrtskanal in Texas zwischen der Stadt Houston und dem Golf von Mexiko. Eröffnet 1914.,Canal de navegación en Texas que conecta la ciudad de Houston con el golfo de México. Inaugurado en 1914.,Voie navigable au Texas reliant la ville de Houston au golfe du Mexique. Ouvert en 1914.,Skipskanal i Texas mellom byen Houston og Mexicogolfen. Åpnet i 1914.,,,,,,,,
Danube-Black Sea Canal,Ship canal in Romania connecting the Danube River to the Black Sea. Opened in 1984.,Schifffahrtskanal in Rumänien zwischen Donau und Schwarzem Meer. Eröffnet 1984.,Canal en Rumania que conecta el río Danubio con el mar Negro. Inaugurado en 1984.,Canal en Roumanie reliant le Danube à la mer Noire. Ouvert en 1984.,Skipskanal i Romania mellom Donau og Svartehavet. Åpnet i 1984.,,,,,,,,
Manchester Ship Canal,Ship canal in England connecting the city of Manchester to the Irish Sea. Opened in 1894.,Schifffahrtskanal in England zwischen Manchester und der Irischen See. Eröffnet 1894.,Canal marítimo en Inglaterra que conecta Mánchester con el mar de Irlanda. Inaugurado en 1894.,Canal maritime en Angleterre reliant Manchester à la mer d'Irlande. Ouvert en 1894.,Skipskanal i England mellom Manchester og Irskesjøen. Åpnet i 1894.,,,,,,,,
Welland Canal,Ship canal in Ontario connecting Lake Ontario to Lake Erie. Bypasses Niagara Falls. Opened in 1932.,Schifffahrtskanal in Ontario zwischen Ontario- und Eriesee. Umgeht die Niagarafälle. Eröffnet 1932.,Canal en Ontario que conecta el lago Ontario con el lago Erie. Evita las cataratas del Niágara. Inaugurado en 1932.,Canal en Ontario reliant le lac Ontario au lac Érié en contournant les chutes du Niagara. Ouvert en 1932.,Skipskanal i Ontario mellom Ontariosjøen og Eriesjøen. Omgår Niagarafallene. Åpnet i 1932.,,,,,,,,
,,,,,,,,,,,,,
Anguilla,Overseas territory of the United Kingdom.,Britisches Überseegebiet.,Territorio de ultramar del Reino Unido.,Territoire britannique d'outre-mer.,Selvstyrt britisk oversjøisk territorium i Karibia.,,,,,,,,
Gibraltar,Overseas territory of the United Kingdom.,Britisches Überseegebiet.,Territorio de ultramar del Reino Unido.,Territoire britannique d'outre-mer.,Britisk kronkoloni.,,,,,,,,
Saint Martin,Overseas territory of France.,Französisches Überseegebiet.,Territorio de ultramar de Francia.,Collectivité française d'outre-mer.,Fransk oversjøisk land.,,,,,,,,
British Virgin Islands,Overseas territory of the United Kingdom.,Britisches Überseegebiet.,Territorio de ultramar del Reino Unido.,Territoire britannique d'outre-mer.,Selvstyrt britisk oversjøisk territorium i Karibia.,,,,,,,,
Sint Maarten,Constituent country of the Kingdom of the Netherlands.,Autonomes Land innerhalb des Königreichs der Niederlande.,Nación constitutiva del Reino de los Países Bajos.,État autonome du royaume des Pays-Bas.,"«Land» som sammen med Nederland, Curaçao og Aruba utgjør føderasjonen Kongeriket Nederlandene.",,,,,,,,
Turks and Caicos Islands,Overseas territory of the United Kingdom.,Auch Turks &amp; Caicos. Britisches Überseegebiet.,Territorio de ultramar del Reino Unido.,Territoire britannique d'outre-mer.,Selvstyrt britisk oversjøisk territorium i Karibia.,,,,,,,,
Northern Mariana Islands,Unincorporated territory of the United States.,Nichtinkorporiertes US-amerikanisches Außengebiet.,Territorio no incorporado de los Estados Unidos.,Territoire non incorporé des États-Unis.,Uinnlemmet territorium i USA.,,,,,,,,
American Samoa,Unincorporated territory of the United States.,Nichtinkorporiertes US-amerikanisches Außengebiet.,Territorio no incorporado de los Estados Unidos.,Territoire non incorporé des États-Unis.,Uinnlemmet territorium i USA.,,,,,,,,
Cayman Islands,Overseas territory of the United Kingdom.,Überseegebiet des Vereinigten Königreichs.,Territorio de ultramar del Reino Unido.,Territoire britannique d'outre-mer.,Selvstyrt britisk oversjøisk territorium i Karibia.,,,,,,,,
Guernsey,Crown dependency of the United Kingdom.,Kronbesitz der britischen Krone.,Dependencia de la Corona británica.,Dépendance de la Couronne britannique.,Kanaløy underlagt britisk kronbesittelse.,,,,,,,,
Bermuda,Overseas territory of the United Kingdom.,Britisches Überseegebiet.,Territorio de ultramar del Reino Unido.,Territoire britannique d'outre-mer.,Selvstyrt britisk oversjøisk territorium.,,,,,,,,
Isle of Man,Crown dependency of the United Kingdom.,Kronbesitz der britischen Krone.,Dependencia de la Corona británica.,Dépendance de la Couronne britannique.,Også kalt Isle of Man. Kanaløy underlagt britisk kronbesittelse. Hverken del av Storbritannia eller EU.,,,,,,,,
Jersey,Crown dependency of the United Kingdom.,Kronbesitz der britischen Krone.,Dependencia de la Corona británica.,Dépendance de la Couronne britannique.,Kanaløy underlagt britisk kronbesittelse.,,,,,,,,
Falkland Islands,Overseas territory of the United Kingdom.,Britisches Überseegebiet.,Territorio de ultramar del Reino Unido.,Territoire britannique d'outre-mer.,Britisk øygruppe.,,,,,,,,
Azores,Autonomous region of Portugal.,Autonome Region von Portugal.,Región autónoma de Portugal.,Région autonome du Portugal.,Selvstyrt region i Portugal.,,,,,,,,
Mayotte,Overseas department of France.,Übersee-Département Frankreichs.,Departamento de ultramar de Francia.,Département français d'outre-mer.,Fransk oversjøisk territorium.,,,,,,,,
Madeira,Autonomous region of Portugal.,Autonome Region von Portugal.,Región autónoma de Portugal.,Région autonome du Portugal.,Selvstyrt region i Portugal.,,,,,,,,
Corsica,Region of France.,Gebietskörperschaft Frankreichs.,Región de Francia.,Région française.,Fransk region.,,,,,,,,
Martinique,Overseas department of France.,Übersee-Département Frankreichs.,Departamento de ultramar de Francia.,Département français d'outre-mer.,Fransk oversjøisk departement.,,,,,,,,
Sardinia,Autonomous region of Italy.,Autonome Region Italiens.,Región autónoma de Italia.,Région d'Italie à statut spécial.,Delvis selvstyrt region i Italia.,,,,,,,,
Sicily,Autonomous region of Italy.,Autonome Region Italiens.,Región autónoma de Italia.,Région d'Italie à statut spécial.,Delvis selvstyrt region i Italia.,,,,,,,,
Zanzibar,Semi-autonomous region of Tanzania.,Halbautonomer Teilstaat von Tansania.,Región semiautónoma de Tanzania.,Région autonome de Tanzanie.,Delvis selvstendig stat i Tanzania.,,,,,,,,
Canary Islands,Autonomous community of Spain.,Autonome Gemeinschaft von Spanien.,Comunidad autónoma de España.,Communauté autonome d’Espagne.,Selvstyrt område i Spania.,,,,,,,,
Guadeloupe,Overseas department of France.,Übersee-Département von Frankreich.,Departamento de ultramar de Francia.,Département français d'outre-mer.,Fransk oversjøisk departement.,,,,,,,,
Réunion,Overseas department of France.,Übersee-Département Frankreichs,Departamento de ultramar de Francia.,Département français d'outre-mer.,Fransk oversjøisk departement.,,,,,,,,
Kaliningrad Oblast,Oblast (administrative region) of the Russian Federation.,Oblast (administratives Gebiet) der Russischen Föderation.,Óblast (región administrativa) de la Federación de Rusia.,Oblast (région administrative) de la fédération de Russie.,Oblast (administrativt distrikt) i Russland.,,,,,,,,
French Guiana,Overseas department of France.,Französisches Überseegebiet.,Departamento de ultramar de Francia.,Département français d'outre-mer.,Fransk oversjøisk departement og del av EU.,,,,,,,,
Bali,Province of Indonesia.,Indonesische Provinz.,Provincia de Indonesia.,Province d'Indonésie.,Øy og provins i Indonesia.,,,,,,,,
